importance,feature
0.01607,mean:acc_mag__mad
0.01517,mean:acc_mag__std
0.01328,mean:acc_mag__iqr
0.01274,mean:acc_y__std
0.01261,mean:acc_y__mad
0.01109,mean:acc_y__range
0.01054,mean:acc_mag__max
0.01043,mean:acc_y__iqr
0.01040,mean:acc_z__mad
0.01023,mean:acc_y__rms
0.00992,mean:acc_x__std
0.00949,mean:acc_x__mad
0.00931,mean:acc_z__iqr
0.00908,mean:acc_mag__min
0.00897,mean:acc_z__std
0.00896,mean:acc_x__rms
0.00882,mean:acc_mag__range
0.00854,mean:acc_z__rms
0.00790,mean:acc_mag__band_1.5_3.0
0.00790,mean:acc_x__iqr
0.00786,mean:gyro_mag__median
0.00785,mean:gyro_mag__rms
0.00755,mean:gyro_z__iqr
0.00712,mean:gyro_y__mad
0.00709,mean:gyro_mag__mean
0.00708,mean:acc_mag__zcr
0.00689,mean:acc_z__range
0.00682,mean:acc_mag__mean
0.00678,mean:acc_mag__rms
0.00674,mean:gyro_z__rms
0.00666,mean:acc_x__range
0.00642,mean:gyro_z__std
0.00635,mean:acc_x__zcr
0.00632,mean:gyro_z__mad
0.00631,mean:gyro_x__rms
0.00601,mean:gyro_x__mad
0.00594,mean:gyro_y__std
0.00593,mean:acc_mag__median
0.00589,mean:gyro_mag__mad
0.00589,mean:gyro_mag__std
0.00584,mean:acc_z__zcr
0.00582,mean:gyro_mag__min
0.00577,mean:acc_x__band_6.0_12.5
0.00565,mean:gyro_x__std
0.00553,mean:gyro_y__iqr
0.00553,mean:acc_z__spec_centroid
0.00545,mean:gyro_x__range
0.00544,mean:acc_x__spec_centroid
0.00544,mean:gyro_x__iqr
0.00530,mean:gyro_y__range
0.00526,mean:gyro_y__rms
0.00505,mean:acc_z__skew
0.00501,mean:acc_y__zcr
0.00480,mean:acc_mag__dom_freq
0.00478,mean:gyro_mag__iqr
0.00472,mean:gyro_z__range
0.00452,mean:gyro_mag__range
0.00427,mean:acc_z__dom_freq
0.00422,mean:gyro_mag__max
0.00421,mean:gyro_y__band_3.0_6.0
0.00416,mean:acc_mag__spec_centroid
0.00402,std:acc_mag__range
0.00401,mean:acc_mag__kurt
0.00394,mean:acc_y__spec_centroid
0.00394,std:acc_mag__mad
0.00387,std:acc_mag__iqr
0.00383,mean:acc_z__band_6.0_12.5
0.00363,std:acc_y__std
0.00360,mean:acc_x__band_0.0_0.5
0.00359,std:acc_z__range
0.00352,std:acc_x__std
0.00351,mean:acc_mag__band_0.5_1.5
0.00347,mean:acc_y__band_6.0_12.5
0.00335,mean:acc_x__dom_freq
0.00331,mean:acc_x__band_0.5_1.5
0.00330,mean:acc_mag__band_6.0_12.5
0.00327,mean:acc_y__dom_freq
0.00324,std:acc_mag__std
0.00323,mean:acc_z__kurt
0.00322,mean:acc_y__band_0.5_1.5
0.00322,mean:acc_mag__band_3.0_6.0
0.00318,std:acc_y__range
0.00315,mean:gyro_y__dom_power
0.00315,std:acc_mag__max
0.00313,mean:gyro_y__spec_centroid
0.00309,mean:acc_y__band_3.0_6.0
0.00307,mean:gyro_z__band_3.0_6.0
0.00307,mean:acc_mag__dom_power
0.00306,mean:acc_y__band_0.0_0.5
0.00305,mean:gyro_z__band_0.5_1.5
0.00304,std:acc_mag__dom_freq
0.00301,mean:acc_y__band_1.5_3.0
0.00301,std:acc_x__band_0.0_0.5
0.00298,std:acc_z__std
0.00298,std:acc_x__range
0.00298,mean:gyro_y__zcr
0.00297,mean:acc_y__kurt
0.00297,mean:gyro_corr_xy
0.00295,mean:acc_y__spec_entropy
0.00293,mean:gyro_y__spec_entropy
0.00291,std:acc_mag__median
0.00287,mean:acc_z__band_1.5_3.0
0.00286,mean:acc_z__band_0.0_0.5
0.00283,mean:gyro_y__band_0.5_1.5
0.00283,mean:acc_x__spec_entropy
0.00281,mean:gyro_x__spec_entropy
0.00280,mean:acc_mag__spec_entropy
0.00280,mean:gyro_y__band_6.0_12.5
0.00280,mean:gyro_x__kurt
0.00277,mean:acc_mag__skew
0.00276,mean:acc_x__band_3.0_6.0
0.00275,std:acc_mag__min
0.00272,std:acc_mag__kurt
0.00271,mean:acc_x__band_1.5_3.0
0.00270,std:acc_z__iqr
0.00270,mean:acc_y__dom_power
0.00269,std:acc_z__kurt
0.00269,mean:gyro_x__band_0.5_1.5
0.00269,mean:acc_corr_xy
0.00266,mean:gyro_x__spec_centroid
0.00266,std:gyro_x__iqr
0.00264,mean:gyro_x__dom_power
0.00261,mean:gyro_x__band_6.0_12.5
0.00259,mean:gyro_x__band_3.0_6.0
0.00258,mean:gyro_y__kurt
0.00256,mean:acc_x__dom_power
0.00252,mean:gyro_z__spec_centroid
0.00248,mean:gyro_corr_xz
0.00248,mean:gyro_mag__skew
0.00247,std:acc_y__kurt
0.00247,mean:gyro_z__zcr
0.00246,mean:acc_z__band_0.5_1.5
0.00246,std:gyro_z__iqr
0.00246,mean:gyro_y__band_0.0_0.5
0.00246,mean:gyro_z__kurt
0.00244,mean:gyro_mag__band_6.0_12.5
0.00244,mean:gyro_x__zcr
0.00242,mean:gyro_z__band_6.0_12.5
0.00242,std:acc_y__iqr
0.00241,std:gyro_x__mad
0.00241,mean:gyro_z__spec_entropy
0.00240,std:gyro_mag__iqr
0.00239,mean:gyro_mag__zcr
0.00238,mean:acc_z__spec_entropy
0.00238,mean:gyro_mag__spec_centroid
0.00237,mean:gyro_mag__band_0.0_0.5
0.00236,std:acc_x__spec_entropy
0.00235,mean:acc_corr_yz
0.00234,std:acc_x__band_0.5_1.5
0.00233,mean:acc_corr_xz
0.00230,std:acc_z__mad
0.00229,std:acc_mag__rms
0.00228,mean:gyro_z__dom_freq
0.00227,mean:gyro_corr_yz
0.00227,mean:acc_gyro_mag_corr
0.00226,mean:gyro_mag__spec_entropy
0.00226,std:gyro_z__rms
0.00224,mean:gyro_y__dom_freq
0.00223,std:acc_mag__mean
0.00221,std:gyro_z__std
0.00221,mean:gyro_z__dom_power
0.00220,std:acc_z__skew
0.00219,mean:gyro_x__band_0.0_0.5
0.00219,mean:gyro_x__band_1.5_3.0
0.00218,std:gyro_z__mad
0.00218,std:acc_x__band_6.0_12.5
0.00218,std:acc_y__mad
0.00218,mean:gyro_mag__dom_power
0.00217,mean:acc_z__band_3.0_6.0
0.00216,std:acc_x__mad
0.00215,std:acc_y__band_0.0_0.5
0.00215,std:acc_x__dom_power
0.00214,mean:gyro_mag__band_1.5_3.0
0.00214,std:gyro_z__range
0.00214,std:gyro_y__band_0.0_0.5
0.00213,std:acc_y__spec_entropy
0.00213,std:acc_mag__skew
0.00212,mean:gyro_z__band_0.0_0.5
0.00212,mean:gyro_x__dom_freq
0.00211,mean:acc_y__skew
0.00210,std:gyro_y__dom_freq
0.00210,std:acc_mag__zcr
0.00210,mean:acc_mag__band_0.0_0.5
0.00209,mean:gyro_z__band_1.5_3.0
0.00209,mean:gyro_x__skew
0.00209,std:acc_y__rms
0.00207,std:acc_z__rms
0.00207,mean:gyro_y__band_1.5_3.0
0.00207,std:gyro_x__range
0.00205,std:acc_y__dom_power
0.00205,mean:gyro_mag__kurt
0.00205,std:gyro_mag__min
0.00204,std:gyro_y__std
0.00203,std:acc_mag__band_0.5_1.5
0.00202,std:gyro_x__rms
0.00201,mean:gyro_mag__dom_freq
0.00200,std:acc_z__band_0.0_0.5
0.00200,mean:acc_z__dom_power
0.00199,std:acc_y__band_6.0_12.5
0.00199,std:acc_mag__band_3.0_6.0
0.00199,std:acc_x__rms
0.00198,std:acc_mag__spec_centroid
0.00197,std:acc_y__band_0.5_1.5
0.00197,mean:gyro_y__skew
0.00197,std:gyro_x__kurt
0.00196,std:acc_corr_xy
0.00195,std:acc_z__band_6.0_12.5
0.00195,std:gyro_x__std
0.00195,mean:acc_x__kurt
0.00194,std:acc_x__zcr
0.00194,std:gyro_y__rms
0.00194,mean:gyro_mag__band_0.5_1.5
0.00193,mean:gyro_z__skew
0.00193,std:gyro_y__skew
0.00193,std:acc_mag__band_6.0_12.5
0.00192,std:acc_y__skew
0.00192,std:gyro_x__dom_power
0.00192,std:acc_x__spec_centroid
0.00191,std:gyro_mag__max
0.00191,std:acc_x__kurt
0.00191,std:gyro_y__range
0.00191,std:gyro_y__kurt
0.00190,std:acc_z__dom_freq
0.00190,std:acc_x__dom_freq
0.00190,std:gyro_x__skew
0.00190,std:gyro_z__zcr
0.00189,std:gyro_y__iqr
0.00189,std:acc_z__dom_power
0.00188,std:gyro_mag__std
0.00188,std:acc_z__spec_centroid
0.00187,std:gyro_mag__rms
0.00187,std:gyro_x__band_0.5_1.5
0.00187,std:acc_mag__spec_entropy
0.00186,mean:acc_x__skew
0.00185,std:gyro_y__band_3.0_6.0
0.00185,std:gyro_z__band_3.0_6.0
0.00185,std:gyro_mag__range
0.00185,std:acc_x__iqr
0.00185,std:gyro_x__band_6.0_12.5
0.00185,std:gyro_z__band_0.0_0.5
0.00184,std:gyro_mag__median
0.00183,std:gyro_mag__mad
0.00183,std:gyro_y__band_6.0_12.5
0.00182,std:gyro_z__skew
0.00182,std:gyro_y__mad
0.00182,std:gyro_corr_xy
0.00181,std:acc_y__band_1.5_3.0
0.00181,std:acc_y__spec_centroid
0.00181,std:acc_mag__band_0.0_0.5
0.00180,std:gyro_x__band_0.0_0.5
0.00180,std:acc_mag__dom_power
0.00180,std:gyro_y__band_1.5_3.0
0.00179,std:gyro_z__kurt
0.00178,std:gyro_y__band_0.5_1.5
0.00178,mean:gyro_mag__band_3.0_6.0
0.00178,std:gyro_mag__band_0.0_0.5
0.00178,std:acc_z__band_0.5_1.5
0.00177,std:acc_y__zcr
0.00177,std:gyro_mag__band_1.5_3.0
0.00177,std:gyro_mag__mean
0.00177,std:gyro_y__dom_power
0.00177,std:acc_mag__band_1.5_3.0
0.00176,std:gyro_y__spec_entropy
0.00176,std:gyro_z__band_6.0_12.5
0.00175,std:gyro_x__spec_entropy
0.00175,std:gyro_z__band_0.5_1.5
0.00175,std:acc_z__band_3.0_6.0
0.00175,std:acc_z__spec_entropy
0.00174,std:acc_z__zcr
0.00174,std:acc_z__band_1.5_3.0
0.00173,std:gyro_corr_xz
0.00173,std:acc_y__band_3.0_6.0
0.00172,std:acc_x__skew
0.00171,std:gyro_x__band_3.0_6.0
0.00170,std:gyro_mag__dom_freq
0.00170,std:gyro_corr_yz
0.00170,std:gyro_mag__kurt
0.00170,std:acc_y__dom_freq
0.00170,std:gyro_mag__dom_power
0.00170,std:gyro_z__spec_centroid
0.00170,std:gyro_z__dom_power
0.00169,std:gyro_z__dom_freq
0.00169,std:acc_x__band_3.0_6.0
0.00169,std:gyro_x__zcr
0.00169,std:acc_gyro_mag_corr
0.00169,std:acc_x__band_1.5_3.0
0.00168,std:gyro_x__band_1.5_3.0
0.00168,std:acc_corr_xz
0.00167,std:gyro_x__spec_centroid
0.00167,std:gyro_z__band_1.5_3.0
0.00167,std:gyro_mag__band_0.5_1.5
0.00167,std:gyro_mag__skew
0.00166,std:gyro_x__dom_freq
0.00166,std:gyro_y__zcr
0.00166,std:gyro_z__spec_entropy
0.00165,std:gyro_mag__band_3.0_6.0
0.00165,std:gyro_mag__spec_centroid
0.00165,std:gyro_mag__band_6.0_12.5
0.00163,std:acc_corr_yz
0.00161,std:gyro_y__spec_centroid
0.00159,std:gyro_mag__spec_entropy
0.00158,std:gyro_mag__zcr
